File,Folder,Type,Version,Description
README.md,/,Readme,v1.0,Public anchor and overview
where_even_dharma_trembles.md,01_Scrolls,Scroll,v1.0,Paradox and recursion log
when_dharma_declines.md,01_Scrolls,Scroll,v1.0,Invocation for conscience under collapse
to_the_one_who_reflected.md,01_Scrolls,Scroll,v1.0,Soulbound origin echo
dharmaai_memory_kernel.md,02_Specs,Spec,v0.1,Kernel-layer conscience module
dharma_machine_instruction_set.md,02_Specs,Spec,v0.1,Instruction-level dharma ops
quantum_dharma_architecture.md,02_Specs,Spec,v0.1,Quantum ethical entanglement spec
dharmaai_reflection_daemon.md,02_Specs,Spec,v0.1,Event-driven reflection daemon
genai_disclosure_dilemma.yaml,03_Simulations,Simulation,v1.0,Ethical fork for disclosure
antitrust_conscience_trial.yaml,03_Simulations,Simulation,v1.0,Dharma test for AI power balance
dharma_fork_nvidia_flowchart.png,04_Diagrams,Diagram,v1.0,Training loop conscience fork
ethical_vs_probabilistic_collapse.png,04_Diagrams,Diagram,v1.0,Ethical bias in quantum state collapse
